2004-01-04,2004-10-01,7
2004-01-11,2004-17-01,5
2004-01-18,2004-24-01,4
2004-01-25,2004-31-01,3
2004-02-01,2004-07-02,5
2004-02-08,2004-14-02,4
2004-02-15,2004-21-02,5
2004-02-22,2004-28-02,6
2004-02-29,2004-06-03,7
2004-03-07,2004-13-03,4
2004-03-14,2004-20-03,4
2004-03-21,2004-27-03,6
2004-03-28,2004-03-04,7
2004-04-04,2004-10-04,3
2004-04-11,2004-17-04,5
2004-04-18,2004-24-04,3
2004-04-25,2004-01-05,4
2004-05-02,2004-08-05,6
2004-05-09,2004-15-05,4
2004-05-16,2004-22-05,6
2004-05-23,2004-29-05,8
2004-05-30,2004-05-06,8
2004-06-06,2004-12-06,7
2004-06-13,2004-19-06,7
2004-06-20,2004-26-06,10
2004-06-27,2004-03-07,7
2004-07-04,2004-10-07,5
2004-07-11,2004-17-07,5
2004-07-18,2004-24-07,8
2004-07-25,2004-31-07,5
2004-08-01,2004-07-08,7
2004-08-08,2004-14-08,6
2004-08-15,2004-21-08,4
2004-08-22,2004-28-08,5
2004-08-29,2004-04-09,5
2004-09-05,2004-11-09,4
2004-09-12,2004-18-09,4
2004-09-19,2004-25-09,7
2004-09-26,2004-02-10,5
2004-10-03,2004-09-10,5
2004-10-10,2004-16-10,3
2004-10-17,2004-23-10,4
2004-10-24,2004-30-10,4
2004-10-31,2004-06-11,4
2004-11-07,2004-13-11,5
2004-11-14,2004-20-11,2
2004-11-21,2004-27-11,4
2004-11-28,2004-04-12,4
2004-12-05,2004-11-12,4
2004-12-12,2004-18-12,3
2004-12-19,2004-25-12,4
2004-12-26,2005-01-01,4
2005-01-02,2005-08-01,5
2005-01-09,2005-15-01,5
2005-01-16,2005-22-01,5
2005-01-23,2005-29-01,4
2005-01-30,2005-05-02,4
2005-02-06,2005-12-02,3
2005-02-13,2005-19-02,4
2005-02-20,2005-26-02,5
2005-02-27,2005-05-03,5
2005-03-06,2005-12-03,3
2005-03-13,2005-19-03,2
2005-03-20,2005-26-03,4
2005-03-27,2005-02-04,5
2005-04-03,2005-09-04,3
2005-04-10,2005-16-04,6
2005-04-17,2005-23-04,4
2005-04-24,2005-30-04,4
2005-05-01,2005-07-05,3
2005-05-08,2005-14-05,5
2005-05-15,2005-21-05,6
2005-05-22,2005-28-05,4
2005-05-29,2005-04-06,7
2005-06-05,2005-11-06,7
2005-06-12,2005-18-06,5
2005-06-19,2005-25-06,5
2005-06-26,2005-02-07,6
2005-07-03,2005-09-07,6
2005-07-10,2005-16-07,6
2005-07-17,2005-23-07,4
2005-07-24,2005-30-07,5
2005-07-31,2005-06-08,3
2005-08-07,2005-13-08,4
2005-08-14,2005-20-08,4
2005-08-21,2005-27-08,5
2005-08-28,2005-03-09,3
2005-09-04,2005-10-09,4
2005-09-11,2005-17-09,4
2005-09-18,2005-24-09,4
2005-09-25,2005-01-10,5
2005-10-02,2005-08-10,2
2005-10-09,2005-15-10,3
2005-10-16,2005-22-10,4
2005-10-23,2005-29-10,4
2005-10-30,2005-05-11,5
2005-11-06,2005-12-11,3
2005-11-13,2005-19-11,3
2005-11-20,2005-26-11,4
2005-11-27,2005-03-12,3
2005-12-04,2005-10-12,4
2005-12-11,2005-17-12,3
2005-12-18,2005-24-12,3
2005-12-25,2005-31-12,3
2006-01-01,2006-07-01,4
2006-01-08,2006-14-01,4
2006-01-15,2006-21-01,4
2006-01-22,2006-28-01,4
2006-01-29,2006-04-02,4
2006-02-05,2006-11-02,4
2006-02-12,2006-18-02,4
2006-02-19,2006-25-02,3
2006-02-26,2006-04-03,3
2006-03-05,2006-11-03,3
2006-03-12,2006-18-03,2
2006-03-19,2006-25-03,4
2006-03-26,2006-01-04,4
2006-04-02,2006-08-04,3
2006-04-09,2006-15-04,4
2006-04-16,2006-22-04,4
2006-04-23,2006-29-04,2
2006-04-30,2006-06-05,4
2006-05-07,2006-13-05,5
2006-05-14,2006-20-05,4
2006-05-21,2006-27-05,5
2006-05-28,2006-03-06,6
2006-06-04,2006-10-06,6
2006-06-11,2006-17-06,3
2006-06-18,2006-24-06,6
2006-06-25,2006-01-07,5
2006-07-02,2006-08-07,5
2006-07-09,2006-15-07,5
2006-07-16,2006-22-07,5
2006-07-23,2006-29-07,4
2006-07-30,2006-05-08,4
2006-08-06,2006-12-08,5
2006-08-13,2006-19-08,4
2006-08-20,2006-26-08,4
2006-08-27,2006-02-09,4
2006-09-03,2006-09-09,4
2006-09-10,2006-16-09,3
2006-09-17,2006-23-09,4
2006-09-24,2006-30-09,4
2006-10-01,2006-07-10,2
2006-10-08,2006-14-10,3
2006-10-15,2006-21-10,2
2006-10-22,2006-28-10,4
2006-10-29,2006-04-11,5
2006-11-05,2006-11-11,4
2006-11-12,2006-18-11,3
2006-11-19,2006-25-11,2
2006-11-26,2006-02-12,4
2006-12-03,2006-09-12,3
2006-12-10,2006-16-12,4
2006-12-17,2006-23-12,3
2006-12-24,2006-30-12,4
2006-12-31,2007-06-01,4
2007-01-07,2007-13-01,3
2007-01-14,2007-20-01,4
2007-01-21,2007-27-01,3
2007-01-28,2007-03-02,5
2007-02-04,2007-10-02,3
2007-02-11,2007-17-02,3
2007-02-18,2007-24-02,3
2007-02-25,2007-03-03,3
2007-03-04,2007-10-03,3
2007-03-11,2007-17-03,3
2007-03-18,2007-24-03,4
2007-03-25,2007-31-03,4
2007-04-01,2007-07-04,4
2007-04-08,2007-14-04,3
2007-04-15,2007-21-04,5
2007-04-22,2007-28-04,5
2007-04-29,2007-05-05,4
2007-05-06,2007-12-05,4
2007-05-13,2007-19-05,4
2007-05-20,2007-26-05,3
2007-05-27,2007-02-06,6
2007-06-03,2007-09-06,6
2007-06-10,2007-16-06,5
2007-06-17,2007-23-06,5
2007-06-24,2007-30-06,6
2007-07-01,2007-07-07,6
2007-07-08,2007-14-07,6
2007-07-15,2007-21-07,5
2007-07-22,2007-28-07,4
2007-07-29,2007-04-08,5
2007-08-05,2007-11-08,5
2007-08-12,2007-18-08,5
2007-08-19,2007-25-08,4
2007-08-26,2007-01-09,5
2007-09-02,2007-08-09,4
2007-09-09,2007-15-09,5
2007-09-16,2007-22-09,4
2007-09-23,2007-29-09,5
2007-09-30,2007-06-10,5
2007-10-07,2007-13-10,4
2007-10-14,2007-20-10,3
2007-10-21,2007-27-10,3
2007-10-28,2007-03-11,4
2007-11-04,2007-10-11,3
2007-11-11,2007-17-11,3
2007-11-18,2007-24-11,3
2007-11-25,2007-01-12,4
2007-12-02,2007-08-12,3
2007-12-09,2007-15-12,4
2007-12-16,2007-22-12,3
2007-12-23,2007-29-12,3
2007-12-30,2008-05-01,4
2008-01-06,2008-12-01,5
2008-01-13,2008-19-01,5
2008-01-20,2008-26-01,4
2008-01-27,2008-02-02,4
2008-02-03,2008-09-02,5
2008-02-10,2008-16-02,4
2008-02-17,2008-23-02,4
2008-02-24,2008-01-03,4
2008-03-02,2008-08-03,4
2008-03-09,2008-15-03,4
2008-03-16,2008-22-03,5
2008-03-23,2008-29-03,5
2008-03-30,2008-05-04,5
2008-04-06,2008-12-04,5
2008-04-13,2008-19-04,5
2008-04-20,2008-26-04,4
2008-04-27,2008-03-05,4
2008-05-04,2008-10-05,5
2008-05-11,2008-17-05,6
2008-05-18,2008-24-05,5
2008-05-25,2008-31-05,7
2008-06-01,2008-07-06,6
2008-06-08,2008-14-06,5
2008-06-15,2008-21-06,7
2008-06-22,2008-28-06,5
2008-06-29,2008-05-07,7
2008-07-06,2008-12-07,6
2008-07-13,2008-19-07,6
2008-07-20,2008-26-07,6
2008-07-27,2008-02-08,5
2008-08-03,2008-09-08,6
2008-08-10,2008-16-08,5
2008-08-17,2008-23-08,5
2008-08-24,2008-30-08,4
2008-08-31,2008-06-09,6
2008-09-07,2008-13-09,5
2008-09-14,2008-20-09,5
2008-09-21,2008-27-09,5
2008-09-28,2008-04-10,5
2008-10-05,2008-11-10,5
2008-10-12,2008-18-10,4
2008-10-19,2008-25-10,4
2008-10-26,2008-01-11,4
2008-11-02,2008-08-11,4
2008-11-09,2008-15-11,4
2008-11-16,2008-22-11,5
2008-11-23,2008-29-11,3
2008-11-30,2008-06-12,5
2008-12-07,2008-13-12,4
2008-12-14,2008-20-12,4
2008-12-21,2008-27-12,2
2008-12-28,2009-03-01,4
2009-01-04,2009-10-01,7
2009-01-11,2009-17-01,6
2009-01-18,2009-24-01,5
2009-01-25,2009-31-01,4
2009-02-01,2009-07-02,5
2009-02-08,2009-14-02,4
2009-02-15,2009-21-02,4
2009-02-22,2009-28-02,5
2009-03-01,2009-07-03,4
2009-03-08,2009-14-03,4
2009-03-15,2009-21-03,5
2009-03-22,2009-28-03,4
2009-03-29,2009-04-04,5
2009-04-05,2009-11-04,5
2009-04-12,2009-18-04,4
2009-04-19,2009-25-04,4
2009-04-26,2009-02-05,4
2009-05-03,2009-09-05,4
2009-05-10,2009-16-05,5
2009-05-17,2009-23-05,5
2009-05-24,2009-30-05,4
2009-05-31,2009-06-06,6
2009-06-07,2009-13-06,6
2009-06-14,2009-20-06,6
2009-06-21,2009-27-06,5
2009-06-28,2009-04-07,4
2009-07-05,2009-11-07,5
2009-07-12,2009-18-07,5
2009-07-19,2009-25-07,5
2009-07-26,2009-01-08,4
2009-08-02,2009-08-08,5
2009-08-09,2009-15-08,5
2009-08-16,2009-22-08,4
2009-08-23,2009-29-08,5
2009-08-30,2009-05-09,5
2009-09-06,2009-12-09,4
2009-09-13,2009-19-09,5
2009-09-20,2009-26-09,5
2009-09-27,2009-03-10,5
2009-10-04,2009-10-10,4
2009-10-11,2009-17-10,3
2009-10-18,2009-24-10,4
2009-10-25,2009-31-10,4
2009-11-01,2009-07-11,5
2009-11-08,2009-14-11,4
2009-11-15,2009-21-11,4
2009-11-22,2009-28-11,2
2009-11-29,2009-05-12,4
2009-12-06,2009-12-12,3
2009-12-13,2009-19-12,4
2009-12-20,2009-26-12,3
2009-12-27,2010-02-01,4
2010-01-03,2010-09-01,5
2010-01-10,2010-16-01,5
2010-01-17,2010-23-01,5
2010-01-24,2010-30-01,5
2010-01-31,2010-06-02,4
2010-02-07,2010-13-02,3
2010-02-14,2010-20-02,4
2010-02-21,2010-27-02,4
2010-02-28,2010-06-03,4
2010-03-07,2010-13-03,4
2010-03-14,2010-20-03,4
2010-03-21,2010-27-03,4
2010-03-28,2010-03-04,4
2010-04-04,2010-10-04,3
2010-04-11,2010-17-04,4
2010-04-18,2010-24-04,3
2010-04-25,2010-01-05,5
2010-05-02,2010-08-05,5
2010-05-09,2010-15-05,5
2010-05-16,2010-22-05,5
2010-05-23,2010-29-05,5
2010-05-30,2010-05-06,4
2010-06-06,2010-12-06,5
2010-06-13,2010-19-06,4
2010-06-20,2010-26-06,4
2010-06-27,2010-03-07,4
2010-07-04,2010-10-07,6
2010-07-11,2010-17-07,5
2010-07-18,2010-24-07,4
2010-07-25,2010-31-07,5
2010-08-01,2010-07-08,4
2010-08-08,2010-14-08,4
2010-08-15,2010-21-08,4
2010-08-22,2010-28-08,5
2010-08-29,2010-04-09,3
2010-09-05,2010-11-09,4
2010-09-12,2010-18-09,4
2010-09-19,2010-25-09,4
2010-09-26,2010-02-10,4
2010-10-03,2010-09-10,4
2010-10-10,2010-16-10,3
2010-10-17,2010-23-10,3
2010-10-24,2010-30-10,3
2010-10-31,2010-06-11,4
2010-11-07,2010-13-11,4
2010-11-14,2010-20-11,3
2010-11-21,2010-27-11,3
2010-11-28,2010-04-12,4
2010-12-05,2010-11-12,3
2010-12-12,2010-18-12,4
2010-12-19,2010-25-12,3
2010-12-26,2011-01-01,3
2011-01-02,2011-08-01,6
2011-01-09,2011-15-01,4
2011-01-16,2011-22-01,6
2011-01-23,2011-29-01,5
2011-01-30,2011-05-02,4
2011-02-06,2011-12-02,4
2011-02-13,2011-19-02,4
2011-02-20,2011-26-02,4
2011-02-27,2011-05-03,4
2011-03-06,2011-12-03,4
2011-03-13,2011-19-03,4
2011-03-20,2011-26-03,5
2011-03-27,2011-02-04,4
2011-04-03,2011-09-04,4
2011-04-10,2011-16-04,5
2011-04-17,2011-23-04,3
2011-04-24,2011-30-04,5
2011-05-01,2011-07-05,4
2011-05-08,2011-14-05,5
2011-05-15,2011-21-05,5
2011-05-22,2011-28-05,5
2011-05-29,2011-04-06,5
2011-06-05,2011-11-06,6
2011-06-12,2011-18-06,6
2011-06-19,2011-25-06,6
2011-06-26,2011-02-07,6
2011-07-03,2011-09-07,5
2011-07-10,2011-16-07,4
2011-07-17,2011-23-07,5
2011-07-24,2011-30-07,4
2011-07-31,2011-06-08,6
2011-08-07,2011-13-08,5
2011-08-14,2011-20-08,5
2011-08-21,2011-27-08,4
2011-08-28,2011-03-09,5
2011-09-04,2011-10-09,5
2011-09-11,2011-17-09,5
2011-09-18,2011-24-09,4
2011-09-25,2011-01-10,4
2011-10-02,2011-08-10,4
2011-10-09,2011-15-10,3
2011-10-16,2011-22-10,3
2011-10-23,2011-29-10,4
2011-10-30,2011-05-11,4
2011-11-06,2011-12-11,4
2011-11-13,2011-19-11,4
2011-11-20,2011-26-11,3
2011-11-27,2011-03-12,3
2011-12-04,2011-10-12,4
2011-12-11,2011-17-12,3
2011-12-18,2011-24-12,3
2011-12-25,2011-31-12,3
2012-01-01,2012-07-01,4
2012-01-08,2012-14-01,4
2012-01-15,2012-21-01,4
2012-01-22,2012-28-01,4
2012-01-29,2012-04-02,4
2012-02-05,2012-11-02,3
2012-02-12,2012-18-02,3
2012-02-19,2012-25-02,4
2012-02-26,2012-03-03,4
2012-03-04,2012-10-03,3
2012-03-11,2012-17-03,3
2012-03-18,2012-24-03,4
2012-03-25,2012-31-03,4
2012-04-01,2012-07-04,4
2012-04-08,2012-14-04,4
2012-04-15,2012-21-04,4
2012-04-22,2012-28-04,4
2012-04-29,2012-05-05,4
2012-05-06,2012-12-05,5
2012-05-13,2012-19-05,5
2012-05-20,2012-26-05,5
2012-05-27,2012-02-06,4
2012-06-03,2012-09-06,6
2012-06-10,2012-16-06,5
2012-06-17,2012-23-06,5
2012-06-24,2012-30-06,5
2012-07-01,2012-07-07,5
2012-07-08,2012-14-07,6
2012-07-15,2012-21-07,5
2012-07-22,2012-28-07,5
2012-07-29,2012-04-08,5
2012-08-05,2012-11-08,5
2012-08-12,2012-18-08,5
2012-08-19,2012-25-08,5
2012-08-26,2012-01-09,5
2012-09-02,2012-08-09,4
2012-09-09,2012-15-09,4
2012-09-16,2012-22-09,4
2012-09-23,2012-29-09,5
2012-09-30,2012-06-10,4
2012-10-07,2012-13-10,4
2012-10-14,2012-20-10,4
2012-10-21,2012-27-10,4
2012-10-28,2012-03-11,3
2012-11-04,2012-10-11,4
2012-11-11,2012-17-11,4
2012-11-18,2012-24-11,4
2012-11-25,2012-01-12,
